{"cameraMode":{"drawMode":0,"name":"Shaded","section":"Shading Mode"},"sceneLighting":true,"audioPlay":false,"sceneViewState":{"m_AlwaysRefresh":false,"showFog":true,"showSkybox":true,"showFlares":true,"showImageEffects":true,"showParticleSystems":true,"showVisualEffectGraphs":true,"m_FxEnabled":true},"in2DMode":false,"pivot":{"x":9.627286911010743,"y":4.198038578033447,"z":-6.459953308105469},"rotation":{"x":0.18343649804592133,"y":-0.27568820118904116,"z":0.053682759404182437,"w":0.9420781135559082},"size":7.643468379974365,"orthographic":false}